SET session_replication_role = replica;

--
-- PostgreSQL database dump
--

-- \restrict GZBFG5E7FnR3GiJM41e5TbZytYfk8BzOeANdWrUCgr5HqvhudMJ3bWwQre1ak4R

-- Dumped from database version 17.6
-- Dumped by pg_dump version 17.6

SET statement_timeout = 0;
SET lock_timeout = 0;
SET idle_in_transaction_session_timeout = 0;
SET transaction_timeout = 0;
SET client_encoding = 'UTF8';
SET standard_conforming_strings = on;
SELECT pg_catalog.set_config('search_path', '', false);
SET check_function_bodies = false;
SET xmloption = content;
SET client_min_messages = warning;
SET row_security = off;

--
-- ============================================================
--  Who this data belongs to.
--
--  Added by Phase 2c. Before the flip, garage_id defaulted to a fixed backfill
--  UUID, so a dump with no garage_id column loaded fine. The default is now
--  current_garage_id(), which reads auth.uid() — and a seed script has no JWT,
--  so every insert below would fail NOT NULL.
--
--  Rather than add a garage_id to two hundred lines of dumped INSERTs, the seed
--  adopts an identity: a dev user, a membership joining them to the backfill
--  garage, and a JWT claim so current_garage_id() resolves for the rest of the
--  file. The dump stays a dump.
--
--  The side benefit is the point at which this stops being a workaround: the
--  account below survives `db reset`, so local development has a stable login
--  instead of one that has to be recreated after every schema change.
--
--    dev@garage.test / devpassword
--
--  Local only. supabase/seed.sql is never loaded into staging or production.
-- ============================================================

INSERT INTO "auth"."users" (
  "id", "instance_id", "aud", "role", "email", "encrypted_password",
  "email_confirmed_at", "created_at", "updated_at",
  "raw_app_meta_data", "raw_user_meta_data",
  -- GoTrue reads these as strings, not nullables. Left NULL, sign-in fails with
  -- a 500 "Database error querying schema" that says nothing about the cause —
  -- the row looks perfectly fine in the table editor.
  "confirmation_token", "recovery_token", "email_change",
  "email_change_token_new", "email_change_token_current",
  "phone_change", "phone_change_token", "reauthentication_token"
) VALUES (
  '11111111-1111-1111-1111-111111111111',
  '00000000-0000-0000-0000-000000000000',
  'authenticated', 'authenticated', 'dev@garage.test',
  -- bcrypt, generated here so the file carries no hash from another machine
  "extensions"."crypt"('devpassword', "extensions"."gen_salt"('bf')),
  now(), now(), now(),
  '{"provider":"email","providers":["email"]}', '{}',
  '', '', '', '', '', '', '', ''
) ON CONFLICT ("id") DO NOTHING;

INSERT INTO "public"."garage_members" ("garage_id", "user_id") VALUES
  ('00000000-0000-0000-0000-000000000001', '11111111-1111-1111-1111-111111111111')
ON CONFLICT DO NOTHING;

-- Everything below now inserts into the backfill garage, because that is the
-- garage this user belongs to.
SET "request.jwt.claims" = '{"sub":"11111111-1111-1111-1111-111111111111"}';

--
-- Data for Name: customers; Type: TABLE DATA; Schema: public; Owner: postgres
--

INSERT INTO "public"."customers" ("id", "name", "phone", "email", "address", "city", "kind", "created_at") VALUES
	('a2070ab9-9754-46a1-86ed-8d7e5877693c', 'חברת דלתא הובלות בע״מ', '03-7654321', 'office@delta-log.co.il', NULL, 'חולון', 'עסקי', '2026-07-17 10:06:31.292729+00'),
	('59814dba-13cf-4ea1-afb3-60bbddf1ed1f', 'שרה כהן', '053-1122334', 'sarah.cohen@walla.co.il', NULL, 'ראשון לציון', 'פרטי', '2026-07-17 10:06:31.292729+00'),
	('a6b97fe8-256b-4094-818e-f59740d1456c', 'רונית ברק', '050-7778889', NULL, NULL, 'הרצליה', 'פרטי', '2026-07-17 10:06:31.292729+00'),
	('d2d1a155-c304-48d9-8f1b-7c9ec81dee48', 'מוסך שלום הסעות בע״מ', '08-9911223', 'fleet@shalom-bus.co.il', NULL, 'ראשון לציון', 'עסקי', '2026-07-17 10:06:31.292729+00'),
	('e50fbae2-1130-4ca6-8565-31db998bf0ee', 'ליאת דגן', '054-6667778', 'liat.dagan@gmail.com', NULL, 'בת ים', 'פרטי', '2026-07-17 10:06:31.292729+00'),
	('3d13fcb4-08a8-4488-a0f7-69faddd52447', 'דוד אזולאי', '050-2223344', NULL, NULL, 'פתח תקווה', 'פרטי', '2026-07-17 10:06:31.292729+00'),
	('50b3a44a-09f2-4454-8bbd-b73451f7c6e9', 'אולגה פטרוב', '053-8877665', NULL, NULL, 'נתניה', 'פרטי', '2026-07-17 10:06:31.292729+00'),
	('2f2be491-51d6-40d6-b3da-d151cae992d4', 'נועם בר אל', '054-5556667', 'noam.barel@gmail.com', NULL, 'גבעתיים', 'פרטי', '2026-07-17 10:06:31.292729+00'),
	('8fd99e73-756b-44df-aedf-4ac3754813ac', 'יוסי לוי', '0525600493', 'yossi.levi@gmail.com', '', 'תל אביב', 'פרטי', '2026-07-17 10:06:31.292729+00'),
	('fd221320-755b-42f1-a399-52a89f37b8da', 'אבי פרידמן', '052-9988776', 'בני ברק', '', 'רמת גן', 'פרטי', '2026-07-17 10:06:31.292729+00'),
	('25710a69-2850-4e2e-8ea1-5bed27a91398', 'אדם ציטיאט', '0533807804', 'adam@tsityat.com', 'הראה 90 רמת גן, רמת גן', 'ירושלים', 'פרטי', '2026-07-17 10:15:57.854622+00');


--
-- Data for Name: items; Type: TABLE DATA; Schema: public; Owner: postgres
--

INSERT INTO "public"."items" ("id", "sku", "name", "price", "stock", "created_at") VALUES
	('847bc3c7-586b-4dcd-b267-1e5b37d92ca2', 'OIL-530', 'שמן מנוע 5W-30 (ליטר)', 45.00, 48, '2026-07-17 10:06:31.674755+00'),
	('5194ca1b-6b8a-412b-82d8-51aed4ca7ba3', 'OIL-540', 'שמן מנוע 5W-40 (ליטר)', 52.00, 30, '2026-07-17 10:06:31.674755+00'),
	('44f51d91-bd89-437d-ad01-dc7ecbef3f67', 'FLT-OIL', 'פילטר שמן', 65.00, 16, '2026-07-17 10:06:31.674755+00'),
	('a9d3446b-c509-4db8-afee-095873955954', 'FLT-AIR', 'פילטר אוויר', 90.00, 13, '2026-07-17 10:06:31.674755+00'),
	('d774814e-942e-4427-8808-94ae11f1b27a', 'FLT-CAB', 'מסנן אבקנים', 75.00, 9, '2026-07-17 10:06:31.674755+00'),
	('e6aa3cfd-b31a-408e-ae52-380c06c34b28', 'FLT-FUE', 'פילטר דלק', 110.00, 7, '2026-07-17 10:06:31.674755+00'),
	('8bab3c5d-b155-48fb-b62a-def7f0b26235', 'BRK-F22', 'רפידות בלם קדמי', 240.00, 8, '2026-07-17 10:06:31.674755+00'),
	('32778adb-a061-4ac4-8669-c7f8ede7536c', 'DSC-F10', 'דיסקיות בלם קדמי', 180.00, 6, '2026-07-17 10:06:31.674755+00'),
	('f0255ec0-4227-4a13-b33d-d6bf43a1ff09', 'BRK-R18', 'רפידות בלם אחורי', 190.00, 5, '2026-07-17 10:06:31.674755+00'),
	('2571ec65-80c3-442f-856c-2594dbc18667', 'DSC-R08', 'דיסקיות בלם אחורי', 150.00, 4, '2026-07-17 10:06:31.674755+00'),
	('3e701c77-20f3-44d3-86c8-f69866d7b997', 'FLD-BRK', 'נוזל בלמים DOT4', 35.00, 22, '2026-07-17 10:06:31.674755+00'),
	('240f91d8-160d-4f8c-8f5e-d2a9a6daf86a', 'BAT-70A', 'מצבר 70 אמפר', 520.00, 4, '2026-07-17 10:06:31.674755+00'),
	('07430a7d-24eb-49ac-adea-92a93af75e69', 'GAS-134', 'גז מזגן R134', 220.00, 8, '2026-07-17 10:06:31.674755+00'),
	('c888862e-c470-4e9e-bb72-6dd87abb252a', 'SHK-R09', 'בולם זעזועים אחורי', 360.00, 2, '2026-07-17 10:06:31.674755+00'),
	('59c571d4-a3c4-41b6-816f-1f26a065d3c2', 'MNT-R01', 'תותב בולם', 45.00, 12, '2026-07-17 10:06:31.674755+00'),
	('00ff9397-bd72-4123-b266-4cd86daf1dfd', 'TIM-KIT', 'ערכת רצועת טיימינג', 890.00, 3, '2026-07-17 10:06:31.674755+00'),
	('7a91aed7-d6d9-42e9-a389-c0715779ed52', 'PMP-WTR', 'משאבת מים', 320.00, 3, '2026-07-17 10:06:31.674755+00'),
	('5eb2a6df-5856-4d8b-90ba-761eb3690c0a', 'COOL-12', 'נוזל קירור G12 (ליטר)', 40.00, 18, '2026-07-17 10:06:31.674755+00'),
	('3802760c-b015-4451-b937-f5aba3b18863', 'CLT-FRD', 'ערכת מצמד מלאה', 1650.00, 1, '2026-07-17 10:06:31.674755+00'),
	('7237152e-e45c-4def-9f9b-add7d080a489', 'BRG-CLT', 'מיסב מצמד', 180.00, 4, '2026-07-17 10:06:31.674755+00'),
	('3925ad9b-2bfd-47e9-87ea-0bcd72d79bd6', 'SPK-IRD', 'נרות הצתה אירידיום', 55.00, 24, '2026-07-17 10:06:31.674755+00'),
	('baabbe92-c3de-4977-abbb-ef524aa59d38', 'BLT-ALT', 'רצועת אלטרנטור', 95.00, 10, '2026-07-17 10:06:31.674755+00'),
	('5959fcc8-72f7-48d4-85c0-3e42d4fdfc96', 'BLB-H7', 'נורת הלוגן H7', 25.00, 26, '2026-07-17 10:06:31.674755+00'),
	('09f1b4a3-4359-4e33-ae97-42fba3296ee4', 'WPR-BLD', 'מגבי שמשה (זוג)', 80.00, 14, '2026-07-17 10:06:31.674755+00');


--
-- Data for Name: tickets; Type: TABLE DATA; Schema: public; Owner: postgres
--

INSERT INTO "public"."tickets" ("id", "key", "job", "status", "type", "epic", "priority", "assignee", "points", "title", "plate", "car", "customer_id", "customer_name", "phone", "email", "address", "km", "year", "amount", "done", "subtasks", "flags", "due", "blocked", "notes", "paid", "pay_method", "doc", "reference", "created_at", "updated_at", "id_number", "vehicle_code") VALUES
	('89368ff3-126b-4883-8f1a-247ea7b3f5ff', 'GAR-306', 'W-2006', 'parts', 'job', 'service', 'med', 'dk', 3, 'טיפול תקופתי מלא, שמן פילטרים ונרות', '77-654-32', 'סקודה אוקטביה', '3d13fcb4-08a8-4488-a0f7-69faddd52447', 'דוד אזולאי', '050-2223344', NULL, NULL, '88,900', '2019', 1012.00, 2, '{"החלפת שמן מנוע","החלפת פילטרים","החלפת נרות הצתה","איפוס מחוון טיפול"}', '{}', 'היום 17:00', NULL, NULL, false, NULL, NULL, NULL, '2026-07-18 19:36:35.25378+00', '2026-07-19 12:51:08.527709+00', NULL, NULL),
	('52ab0551-4cf8-4058-bbc6-6549fd433137', 'GAR-316', 'W-2016', 'done', 'job', 'service', 'med', 'dk', 3, 'החלפת מצבר', '12-345-67', 'טויוטה קורולה 2019', '8fd99e73-756b-44df-aedf-4ac3754813ac', 'יוסי לוי', '0525600493', 'yossi.levi@gmail.com', 'תל אביב', '112,400', '2019', 2106.00, 1, '{"החלפת מצבר"}', '{חדש}', '-', NULL, NULL, false, NULL, NULL, NULL, '2026-07-19 13:10:39.111263+00', '2026-07-19 13:13:50.008565+00', NULL, NULL),
	('73d8510a-6d12-4344-bff3-f5cee3b6f838', 'GAR-317', 'W-2017', 'done', 'job', 'service', 'med', 'dk', 3, 'טיפול מזגן', '12-345-67', 'טויוטה קורולה 2019', '8fd99e73-756b-44df-aedf-4ac3754813ac', 'יוסי לוי', '0525600493', 'yossi.levi@gmail.com', 'תל אביב', '112,400', '2019', 2012.00, 1, '{"טיפול מזגן"}', '{חדש}', '-', NULL, NULL, true, 'כרטיס אשראי', 'חשבונית מס-קבלה', NULL, '2026-07-19 13:51:55.542779+00', '2026-07-20 09:32:10.697356+00', NULL, NULL),
	('e45cfc20-1652-4c93-8080-ca02a12329ef', 'GAR-318', 'W-2018', 'todo', 'job', 'service', 'med', 'dk', 3, 'החלפת רצועת טיימינג', '63-820-11', 'מאזדה CX-5 2018', 'fd221320-755b-42f1-a399-52a89f37b8da', 'אבי פרידמן', '052-9988776', '', 'SCRUB-TEST-9999, רמת גן', '96,200', '2018', 2195.00, 0, '{"החלפת רצועת טיימינג"}', '{חדש}', '-', NULL, NULL, false, NULL, NULL, NULL, '2026-07-21 04:45:00.736354+00', '2026-07-21 04:45:00.736354+00', NULL, NULL),
	('8393629d-5544-4728-9d01-9f2e8442b190', 'GAR-304', 'W-2004', 'appr', 'quote', 'engine', 'urgent', 'il', 8, 'החלפת מצמד מלא לפורד טרנזיט, הצעה נשלחה', '45-901-23', 'פורד טרנזיט', 'a2070ab9-9754-46a1-86ed-8d7e5877693c', 'חברת דלתא הובלות בע״מ', '03-7654321', 'office@delta-log.co.il', NULL, '248,900', '2016', 3280.00, 0, '{"פירוק תיבת הילוכים","החלפת ערכת מצמד ומיסב",הרכבה,"נסיעת מבחן"}', '{VIP,"ממתין אישור לקוח"}', 'ממתין אישור', NULL, NULL, false, NULL, NULL, NULL, '2026-07-18 19:36:35.25378+00', '2026-07-18 19:36:35.25378+00', NULL, NULL),
	('19ebe7e3-1426-4a86-82e4-d151c269d598', 'GAR-309', 'W-2009', 'done', 'job', 'service', 'low', 'dk', 3, 'טיפול שמן ופילטרים הושלם, הרכב מוכן לאיסוף', '61-430-18', 'מאזדה 3', 'a6b97fe8-256b-4094-818e-f59740d1456c', 'רונית ברק', '050-7778889', NULL, NULL, '54,100', '2021', 570.00, 3, '{"החלפת שמן","החלפת פילטרים","איפוס מחוון טיפול"}', '{"מוכן לאיסוף"}', 'איסוף היום', NULL, NULL, false, NULL, NULL, NULL, '2026-07-18 19:36:35.25378+00', '2026-07-18 19:36:35.25378+00', NULL, NULL),
	('da4d9156-0e20-4e29-89af-8512bf84da14', 'GAR-310', 'W-2010', 'done', 'job', 'ac', 'med', 'ns', 3, 'טיפול מזגן והחלפת מגבים הושלם, ממתין לאיסוף', '51-778-20', 'יונדאי i35', 'e50fbae2-1130-4ca6-8565-31db998bf0ee', 'ליאת דגן', '054-6667778', 'liat.dagan@gmail.com', NULL, '143,200', '2016', 625.00, 3, '{"מילוי גז מזגן","החלפת מגבים","החלפת נורות"}', '{"מוכן לאיסוף"}', 'איסוף מחר', NULL, NULL, false, NULL, NULL, NULL, '2026-07-18 19:36:35.25378+00', '2026-07-18 19:36:35.25378+00', NULL, NULL),
	('450bf270-5f6a-4d05-920c-0264db3d145b', 'GAR-302', 'W-2002', 'todo', 'diag', 'engine', 'low', 'ns', 2, 'רעד במנוע בסרק, בדיקת נרות ורצועות', '22-114-88', 'סקודה אוקטביה', '2f2be491-51d6-40d6-b3da-d151cae992d4', 'נועם בר אל', '054-5556667', 'noam.barel@gmail.com', NULL, '119,000', '2017', 0.00, 0, '{"בדיקת נרות הצתה","בדיקת רצועת אלטרנטור","הצעת מחיר ללקוח"}', '{חדש}', 'מחר', NULL, NULL, false, NULL, NULL, NULL, '2026-07-18 19:36:35.25378+00', '2026-07-18 19:36:35.25378+00', NULL, NULL),
	('ffb965dc-8b56-4345-a687-f4aed726272c', 'GAR-303', 'W-2003', 'appr', 'quote', 'service', 'med', 'dk', 5, 'רצועת טיימינג ומשאבת מים, ממתין לאישור הלקוח', '63-820-11', 'מאזדה CX-5', 'fd221320-755b-42f1-a399-52a89f37b8da', 'אבי פרידמן', '052-9988776', 'בני ברק', NULL, '96,200', '2018', 2537.00, 0, '{"הצעת מחיר ללקוח","החלפת רצועת טיימינג","החלפת משאבת מים","מילוי נוזל קירור"}', '{"ממתין אישור לקוח"}', 'ממתין אישור', NULL, NULL, false, NULL, NULL, NULL, '2026-07-18 19:36:35.25378+00', '2026-07-18 19:36:35.25378+00', NULL, NULL),
	('ae178989-4645-47b5-bd6d-90d95633f28d', 'GAR-312', 'W-2012', 'done', 'job', 'service', 'med', 'dk', 3, 'טיפול מזגן', '84-220-15', 'סוזוקי איגניס 2022', '8fd99e73-756b-44df-aedf-4ac3754813ac', 'יוסי לוי', '0525600493', 'yossi.levi@gmail.com', 'תל אביב', '28,900', '2022', 891.00, 1, '{"טיפול מזגן"}', '{חדש}', '-', NULL, NULL, false, NULL, NULL, NULL, '2026-07-18 19:42:19.867819+00', '2026-07-18 19:43:00.24433+00', NULL, NULL),
	('83785607-b75f-4a1e-aa39-37b21287df6f', 'GAR-307', 'W-2007', 'done', 'part', 'susp', 'high', 'il', 5, 'החלפת בולמים אחוריים, ממתין למשלוח מהספק', '25-118-73', 'רנו קליאו', '50b3a44a-09f2-4454-8bbd-b73451f7c6e9', 'אולגה פטרוב', '053-8877665', NULL, NULL, '102,500', '2018', 1451.00, 5, '{"אבחון בולמים","הזמנת חלקים",פירוק,הרכבה,"יישור פרונט"}', '{"חוסם עבודה"}', 'צפי 22/07', 'בולם זעזועים אחורי, הזמנה מספר 4471 בדרך מהספק', NULL, false, NULL, NULL, NULL, '2026-07-18 19:36:35.25378+00', '2026-07-18 19:45:04.493557+00', NULL, NULL),
	('afdf2382-d00c-4103-8109-977250e299e5', 'GAR-308', 'W-2008', 'done', 'part', 'brakes', 'med', 'il', 4, 'בלמים אחוריים למרצדס ספרינטר, דיסקיות אזלו מהמלאי', '33-410-88', 'מרצדס ספרינטר', 'd2d1a155-c304-48d9-8f1b-7c9ec81dee48', 'מוסך שלום הסעות בע״מ', '08-9911223', 'fleet@shalom-bus.co.il', NULL, '320,500', '2017', 997.00, 4, '{"אבחון בלמים","הזמנת דיסקיות",החלפה,"נסיעת מבחן"}', '{"חוסם עבודה"}', 'צפי 23/07', 'דיסקיות בלם אחורי, מלאי 0, נדרשת הזמנה מיבואן', NULL, false, NULL, NULL, NULL, '2026-07-18 19:36:35.25378+00', '2026-07-18 19:45:14.502676+00', NULL, NULL),
	('b5bdbd53-cf4b-4227-9355-678f4a0040c0', 'GAR-305', 'W-2005', 'done', 'job', 'elec', 'high', 'ns', 2, 'הרכב מתקשה בהתנעה, החלפת מצבר ובדיקת מערכת טעינה', '88-221-04', 'יונדאי i20', '59814dba-13cf-4ea1-afb3-60bbddf1ed1f', 'שרה כהן', '053-1122334', 'sarah.cohen@walla.co.il', NULL, '71,300', '2020', 684.00, 3, '{"בדיקת מערכת טעינה","החלפת מצבר","בדיקה חוזרת"}', '{}', 'היום 15:00', NULL, NULL, false, NULL, NULL, NULL, '2026-07-18 19:36:35.25378+00', '2026-07-19 10:35:34.643341+00', NULL, NULL);


--
-- Data for Name: ticket_photos; Type: TABLE DATA; Schema: public; Owner: postgres
--

INSERT INTO "public"."ticket_photos" ("id", "ticket_id", "path", "caption", "created_at") VALUES
	('91aea470-b05f-4143-8578-ffe364bab64c', '73d8510a-6d12-4344-bff3-f5cee3b6f838', 'GAR-317/1784539902165-awabbg.jpg', NULL, '2026-07-20 09:31:51.174852+00');


--
-- Data for Name: vehicles; Type: TABLE DATA; Schema: public; Owner: postgres
--

INSERT INTO "public"."vehicles" ("id", "customer_id", "plate", "manufacturer", "model", "year", "km", "vehicle_code", "created_at") VALUES
	('72eadd21-2b9e-4253-8c37-df1aa29308c2', '8fd99e73-756b-44df-aedf-4ac3754813ac', '84-220-15', 'סוזוקי', 'איגניס', '2022', '28,900', NULL, '2026-07-17 15:10:02.1527+00'),
	('6a2aff5d-a8d8-46c3-96d0-e2cf628e5c8e', '8fd99e73-756b-44df-aedf-4ac3754813ac', '12-345-67', 'טויוטה', 'קורולה', '2019', '112,400', NULL, '2026-07-17 15:10:02.1527+00'),
	('42cfe7c3-d4af-4d73-b743-ed7e0f757e05', 'a2070ab9-9754-46a1-86ed-8d7e5877693c', '62-330-77', 'מרצדס', 'ספרינטר', '2019', '210,300', NULL, '2026-07-17 15:10:02.1527+00'),
	('9c76b052-0df8-43c2-acf9-9098b1e90dab', 'a2070ab9-9754-46a1-86ed-8d7e5877693c', '45-902-24', 'פורד', 'טרנזיט', '2018', '176,400', NULL, '2026-07-17 15:10:02.1527+00'),
	('e89e8316-6472-449e-b0b4-1a261d934cea', 'a2070ab9-9754-46a1-86ed-8d7e5877693c', '45-901-23', 'פורד', 'טרנזיט', '2016', '248,900', NULL, '2026-07-17 15:10:02.1527+00'),
	('99dcfbe8-6c94-4220-aa81-522871ca52eb', 'fd221320-755b-42f1-a399-52a89f37b8da', '63-820-11', 'מאזדה', 'CX-5', '2018', '96,200', NULL, '2026-07-17 15:10:02.1527+00'),
	('9f231da1-5d3a-485e-b761-3b2d46ded953', '59814dba-13cf-4ea1-afb3-60bbddf1ed1f', '88-221-04', 'יונדאי', 'i20', '2020', '71,300', NULL, '2026-07-17 15:10:02.1527+00'),
	('a613d443-cee3-409b-8538-0e5abc2094d2', 'a6b97fe8-256b-4094-818e-f59740d1456c', '61-430-18', 'מאזדה', '3', '2021', '54,100', NULL, '2026-07-17 15:10:02.1527+00'),
	('ef777e80-a609-4505-8519-5aa898d28f59', 'd2d1a155-c304-48d9-8f1b-7c9ec81dee48', '71-205-63', 'יונדאי', 'H1', '2020', '132,000', NULL, '2026-07-17 15:10:02.1527+00'),
	('a044c3a6-28a3-43a7-ba66-4098d380b9e3', 'd2d1a155-c304-48d9-8f1b-7c9ec81dee48', '33-411-89', 'וולוו', '9700', '2015', '540,000', NULL, '2026-07-17 15:10:02.1527+00'),
	('62b74514-30c1-4d9a-9f52-e78bfdb0d733', 'd2d1a155-c304-48d9-8f1b-7c9ec81dee48', '33-410-88', 'מרצדס', 'ספרינטר', '2017', '320,500', NULL, '2026-07-17 15:10:02.1527+00'),
	('824c6a4e-dc38-41da-91a6-b34c3b38d64d', 'e50fbae2-1130-4ca6-8565-31db998bf0ee', '51-778-20', 'יונדאי', 'i35', '2016', '143,200', NULL, '2026-07-17 15:10:02.1527+00'),
	('be5068af-212f-4cd9-accf-c9044fe74c89', '3d13fcb4-08a8-4488-a0f7-69faddd52447', '77-654-32', 'סקודה', 'אוקטביה', '2019', '88,900', NULL, '2026-07-17 15:10:02.1527+00'),
	('eb6d9ba7-e7dc-4b94-8ced-28f17ed08124', '50b3a44a-09f2-4454-8bbd-b73451f7c6e9', '25-118-73', 'רנו', 'קליאו', '2018', '102,500', NULL, '2026-07-17 15:10:02.1527+00'),
	('9b8c1731-6c3e-4de4-a341-b7e0c39ae94b', '2f2be491-51d6-40d6-b3da-d151cae992d4', '22-114-88', 'סקודה', 'אוקטביה', '2017', '119,000', NULL, '2026-07-17 15:10:02.1527+00'),
	('308121ec-3143-41a0-866f-eb54161a2696', '25710a69-2850-4e2e-8ea1-5bed27a91398', '22-333-444', 'סובארו', 'XV', '2018', '130,000', NULL, '2026-07-18 18:39:24.694684+00');


--
-- Data for Name: works; Type: TABLE DATA; Schema: public; Owner: postgres
--

INSERT INTO "public"."works" ("id", "ticket_id", "uid", "code", "name", "labor", "custom", "position", "created_at") VALUES
	('d34fd920-53f8-4902-946c-4cb73706bbc8', '73d8510a-6d12-4344-bff3-f5cee3b6f838', 'w1', 'AC-01', 'טיפול מזגן', 180.00, false, 0, '2026-07-19 13:53:05.682262+00'),
	('9baade69-b262-4f0f-a24f-da07cfb75457', '73d8510a-6d12-4344-bff3-f5cee3b6f838', 'w-1784469174004-4227', 'SUS-01', 'החלפת בולמים אחוריים', 320.00, false, 1, '2026-07-19 13:53:05.682262+00'),
	('24f96eec-4603-4cc4-8f58-270264cbb71e', 'e45cfc20-1652-4c93-8080-ca02a12329ef', 'w1', 'TIM-01', 'החלפת רצועת טיימינג', 650.00, false, 0, '2026-07-21 04:45:01.508928+00'),
	('14064512-d76d-4cfc-8707-76b84e8235b8', 'ffb965dc-8b56-4345-a687-f4aed726272c', 'w-303-1', 'TIM-01', 'רצועת טיימינג ומשאבה', 780.00, false, 0, '2026-07-18 19:36:35.25378+00'),
	('2ce8ceee-be7c-4847-8c43-bf5905cf31c2', '8393629d-5544-4728-9d01-9f2e8442b190', 'w-304-1', 'CLT-01', 'החלפת מצמד', 950.00, false, 0, '2026-07-18 19:36:35.25378+00'),
	('248faafe-2cdd-4bb4-baa5-7556c3495e7d', 'b5bdbd53-cf4b-4227-9355-678f4a0040c0', 'w-305-1', 'BAT-01', 'החלפת מצבר', 60.00, false, 0, '2026-07-18 19:36:35.25378+00'),
	('4ca5cf0c-6189-40dd-845f-f35ad01ca65a', '89368ff3-126b-4883-8f1a-247ea7b3f5ff', 'w-306-1', 'SVC-01', 'טיפול תקופתי מלא', 200.00, false, 0, '2026-07-18 19:36:35.25378+00'),
	('a0323c7c-051f-4b65-8102-3fae2c8521a6', '83785607-b75f-4a1e-aa39-37b21287df6f', 'w-307-1', 'SHK-01', 'בולמים אחוריים', 420.00, false, 0, '2026-07-18 19:36:35.25378+00'),
	('bf3dce9e-a246-41a5-889d-57c95bb48361', 'afdf2382-d00c-4103-8109-977250e299e5', 'w-308-1', 'BRK-R', 'בלמים אחוריים', 320.00, false, 0, '2026-07-18 19:36:35.25378+00'),
	('6ef00c5f-0a78-45df-bd35-fd1e1197afa9', '19ebe7e3-1426-4a86-82e4-d151c269d598', 'w-309-1', 'OIL-01', 'טיפול שמן', 120.00, false, 0, '2026-07-18 19:36:35.25378+00'),
	('d0c27022-7846-42fa-9aef-644ec56017cd', 'da4d9156-0e20-4e29-89af-8512bf84da14', 'w-310-1', 'AC-01', 'טיפול מזגן ומגבים', 180.00, false, 0, '2026-07-18 19:36:35.25378+00'),
	('d13be3ba-a80f-4f22-a1f8-fce6715dad2f', 'ae178989-4645-47b5-bd6d-90d95633f28d', 'w1', 'AC-01', 'טיפול מזגן', 180.00, false, 0, '2026-07-18 19:43:01.447786+00'),
	('4fad5626-bec3-423a-bc99-3584677df75b', '52ab0551-4cf8-4058-bbc6-6549fd433137', 'w1', 'BAT-01', 'החלפת מצבר', 60.00, false, 0, '2026-07-19 13:13:51.737607+00'),
	('4a9662bc-cc2c-459f-b6c9-1fbfa5030308', '52ab0551-4cf8-4058-bbc6-6549fd433137', 'w-1784466806137-1094', 'SUS-01', 'החלפת בולמים אחוריים', 320.00, false, 1, '2026-07-19 13:13:51.737607+00');


--
-- Data for Name: work_items; Type: TABLE DATA; Schema: public; Owner: postgres
--

INSERT INTO "public"."work_items" ("id", "work_id", "sku", "name", "qty", "price", "position") VALUES
	('895db677-7570-4540-bbcd-d4000416abd4', '24f96eec-4603-4cc4-8f58-270264cbb71e', 'TIM-KIT', 'ערכת רצועת טיימינג', 1.00, 890.00, 0),
	('3c185fec-85d7-4d21-b464-acd2c0b16b56', '24f96eec-4603-4cc4-8f58-270264cbb71e', 'PMP-WTR', 'משאבת מים', 1.00, 320.00, 1),
	('85311a40-6e39-42be-9a25-0bb1d4f17e8c', '14064512-d76d-4cfc-8707-76b84e8235b8', 'TIM-KIT', 'ערכת רצועת טיימינג', 1.00, 890.00, 0),
	('7743b9f3-8806-477a-b3f7-f9628de10d3b', '14064512-d76d-4cfc-8707-76b84e8235b8', 'PMP-WTR', 'משאבת מים', 1.00, 320.00, 1),
	('eb1d4428-6a37-4cb9-b9a8-3c431dc7cd4d', '14064512-d76d-4cfc-8707-76b84e8235b8', 'COOL-12', 'נוזל קירור G12 (ליטר)', 4.00, 40.00, 2),
	('72f56e7b-5023-46a9-a4c1-118dabf6c1f0', '2ce8ceee-be7c-4847-8c43-bf5905cf31c2', 'CLT-FRD', 'ערכת מצמד מלאה', 1.00, 1650.00, 0),
	('0c861414-b960-46ad-a214-1d59a3d58b0b', '2ce8ceee-be7c-4847-8c43-bf5905cf31c2', 'BRG-CLT', 'מיסב מצמד', 1.00, 180.00, 1),
	('a642686a-668e-4d82-a574-c6983ce73745', '248faafe-2cdd-4bb4-baa5-7556c3495e7d', 'BAT-70A', 'מצבר 70 אמפר', 1.00, 520.00, 0),
	('1afbd981-f7e8-4bfe-8204-a0b6f5c369c6', '4ca5cf0c-6189-40dd-845f-f35ad01ca65a', 'OIL-540', 'שמן מנוע 5W-40 (ליטר)', 4.00, 52.00, 0),
	('a2e22351-423c-48ad-a23d-bcea9bed7228', '4ca5cf0c-6189-40dd-845f-f35ad01ca65a', 'FLT-OIL', 'פילטר שמן', 1.00, 65.00, 1),
	('da8c3f95-ad1c-49de-8375-948c430dd9fe', '4ca5cf0c-6189-40dd-845f-f35ad01ca65a', 'FLT-AIR', 'פילטר אוויר', 1.00, 90.00, 2),
	('a38b0c43-cf4c-44e6-8171-3a8874b29e68', '4ca5cf0c-6189-40dd-845f-f35ad01ca65a', 'FLT-CAB', 'מסנן אבקנים', 1.00, 75.00, 3),
	('2e1f27df-6440-49ef-ac20-4f115a3677d3', '4ca5cf0c-6189-40dd-845f-f35ad01ca65a', 'SPK-IRD', 'נרות הצתה אירידיום', 4.00, 55.00, 4),
	('c63a4215-1a79-467e-b545-ee6af5dfc821', 'a0323c7c-051f-4b65-8102-3fae2c8521a6', 'SHK-R09', 'בולם זעזועים אחורי', 2.00, 360.00, 0),
	('5901b819-a233-48b6-93e4-aacbcab558bb', 'a0323c7c-051f-4b65-8102-3fae2c8521a6', 'MNT-R01', 'תותב בולם', 2.00, 45.00, 1),
	('2c37aee4-6b5f-4be4-bad0-0a92c08780e3', 'bf3dce9e-a246-41a5-889d-57c95bb48361', 'BRK-R18', 'רפידות בלם אחורי', 1.00, 190.00, 0),
	('40ce2d2f-5d45-4140-9b2a-ff0629d4edb2', 'bf3dce9e-a246-41a5-889d-57c95bb48361', 'DSC-R08', 'דיסקיות בלם אחורי', 2.00, 150.00, 1),
	('86a8ac51-41be-4f3b-8eb2-c87280f3399f', 'bf3dce9e-a246-41a5-889d-57c95bb48361', 'FLD-BRK', 'נוזל בלמים DOT4', 1.00, 35.00, 2),
	('7dd2dc79-7301-462f-aa49-e5f0a3b06711', '6ef00c5f-0a78-45df-bd35-fd1e1197afa9', 'OIL-540', 'שמן מנוע 5W-40 (ליטר)', 4.00, 52.00, 0),
	('c36f5f81-b9c2-4f2a-a533-254a18906ae9', '6ef00c5f-0a78-45df-bd35-fd1e1197afa9', 'FLT-OIL', 'פילטר שמן', 1.00, 65.00, 1),
	('68837be1-1af2-4a3e-9b32-3e762e79ae6a', '6ef00c5f-0a78-45df-bd35-fd1e1197afa9', 'FLT-AIR', 'פילטר אוויר', 1.00, 90.00, 2),
	('039ae1ec-6ac1-40b1-8377-6cafe5a9792e', 'd0c27022-7846-42fa-9aef-644ec56017cd', 'GAS-134', 'גז מזגן R134', 1.00, 220.00, 0),
	('81cf9b1a-3813-40c3-9a0c-efb3e0f0b73c', 'd0c27022-7846-42fa-9aef-644ec56017cd', 'WPR-BLD', 'מגבי שמשה (זוג)', 1.00, 80.00, 1),
	('ebca7f0a-efe5-4a5d-adb3-14aaef9986c4', 'd0c27022-7846-42fa-9aef-644ec56017cd', 'BLB-H7', 'נורת הלוגן H7', 2.00, 25.00, 2),
	('6ff24041-d8b9-40b8-a75b-411b4bbe1f73', 'd13be3ba-a80f-4f22-a1f8-fce6715dad2f', 'GAS-134', 'גז מזגן R134', 1.00, 220.00, 0),
	('2543b001-dc47-4c62-a482-312ee3b7db95', 'd13be3ba-a80f-4f22-a1f8-fce6715dad2f', 'FLT-CAB', 'מסנן אבקנים', 1.00, 75.00, 1),
	('6de21313-e22a-4911-84c9-312e8a5d2391', 'd13be3ba-a80f-4f22-a1f8-fce6715dad2f', 'ד', 'גז מזגן מיוחד', 1.00, 100.00, 2),
	('a6d06f38-11fb-4014-ba3b-ccd141bff007', 'd13be3ba-a80f-4f22-a1f8-fce6715dad2f', 'BRG-CLT', 'מיסב מצמד', 1.00, 180.00, 3),
	('692fa27f-91a0-42e6-a72b-8817dea237a5', '4fad5626-bec3-423a-bc99-3584677df75b', 'BAT-70A', 'מצבר 70 אמפר', 1.00, 520.00, 0),
	('f2a4d801-e50f-4c9f-b909-15c56c6bb0c2', '4fad5626-bec3-423a-bc99-3584677df75b', 'FLT-CAB', 'מסנן אבקנים', 1.00, 75.00, 1),
	('0aaed509-e534-42ec-81a4-6667d2f871c7', '4a9662bc-cc2c-459f-b6c9-1fbfa5030308', 'SHK-R09', 'בולם זעזועים אחורי', 2.00, 360.00, 0),
	('f3773618-365a-49ed-91c7-a3474eca5cb2', '4a9662bc-cc2c-459f-b6c9-1fbfa5030308', 'MNT-R01', 'תותב בולם', 2.00, 45.00, 1),
	('d30662bb-4654-455a-9371-c53c54970e65', 'd34fd920-53f8-4902-946c-4cb73706bbc8', 'GAS-134', 'גז מזגן R134', 1.00, 220.00, 0),
	('b47a19a9-883e-4650-b814-e63690cc8c88', 'd34fd920-53f8-4902-946c-4cb73706bbc8', 'FLT-CAB', 'מסנן אבקנים', 1.00, 75.00, 1),
	('dc7d4c1f-41d1-4dd9-bb14-00313ee9b674', 'd34fd920-53f8-4902-946c-4cb73706bbc8', 'ח', 'חדש', 1.00, 100.00, 2),
	('2b1ecb6d-eced-4827-828f-8d4bdeea60d2', '9baade69-b262-4f0f-a24f-da07cfb75457', 'SHK-R09', 'בולם זעזועים אחורי', 2.00, 360.00, 0),
	('eb3ef412-3c7b-4085-aa2b-f2234574ee94', '9baade69-b262-4f0f-a24f-da07cfb75457', 'MNT-R01', 'תותב בולם', 2.00, 45.00, 1);


--
-- PostgreSQL database dump complete
--

-- \unrestrict GZBFG5E7FnR3GiJM41e5TbZytYfk8BzOeANdWrUCgr5HqvhudMJ3bWwQre1ak4R

RESET ALL;
